bird,timestamp,is_interpolated_gps,is_interpolated_era5,lat,lon,height_raw,ground_speed,heading,is_moving,u_1000,v_1000,w_1000,t_1000,z_1000,q_1000,r_1000,cc_1000,u_925,v_925,w_925,t_925,z_925,q_925,r_925,cc_925,u_850,v_850,w_850,t_850,z_850,q_850,r_850,cc_850,ws_1000,ws_925,ws_850,wspeed_1000,wspeed_925,wspeed_850,wdir_1000,wdir_925,wdir_850,lapse_rate
716,2014-09-03 15:00,0,0,72.495667,77.425467,37,0.61,1.39,0,1.790664673,-9.544204712,-0.015374184,276.1386719,330.078125,0.003963977,84.21472931,0,1.238983154,-12.62857056,0.059656143,271.0014648,6458.738281,0.002764731,78.94632721,0.1171875,3.078720093,-12.76741028,0.139356613,266.7678223,12996.12891,0.002207691,81.62112427,0.078125,-9.497958822,-12.59479958,-12.68897067,9.71073239,12.68920303,13.13336524,169.3738132,174.3966702,166.442579,4.233642578
716,2014-09-03 16:00,1,0,72.68677246,77.91213919,38.86688914,0.583956522,1.406521739,0,3.38621521,-10.81585693,-0.018343925,276.0053711,331.5405273,0.003639525,76.9226532,0,3.258865356,-12.95980835,0.147063255,270.2380371,6452.257813,0.002944774,91.95333099,0.390625,5.439666748,-12.72949219,0.183156013,266.1960449,12971.20313,0.002075142,80.12690735,0.015625,-10.7294802,-12.87591158,-12.59213492,11.33354378,13.36326442,13.84304684,162.6157694,165.885086,156.8616312,4.041992188
716,2014-09-03 17:00,1,0,72.68842408,77.91487803,40.43433508,0.557913043,1.423043478,0,4.066696167,-10.73962402,-0.017274857,275.8383789,321.0471191,0.003471837,74.12153625,0,4.348297119,-12.59565735,0.173689842,270.0336914,6437.679688,0.003024724,93.4037323,0.5234375,6.143280029,-12.33018494,0.15639782,266.0212402,12948.33203,0.002047013,79.68430328,0.0234375,-10.63531843,-12.48378597,-12.1738184,11.48379475,13.32509932,13.77582484,159.2601869,160.9542034,153.5160924,4.012451172
716,2014-09-03 18:00,1,0,72.69003276,77.91735471,41.72199446,0.531869565,1.439565217,0,5.02545166,-10.42893982,-0.011803627,275.7375488,315.0158691,0.003314923,71.87056732,0,5.520935059,-12.1600647,0.128396988,269.7836914,6428.453125,0.002976048,93.25580597,0.390625,6.355148315,-11.15286255,0.155920029,265.9970703,12930.57031,0.002068942,80.14704895,0.1640625,-10.29939628,-12.01752699,-10.98968521,11.5766122,13.3546957,12.83644239,154.2717173,155.5809135,150.3245508,3.786621094
716,2014-09-03 19:00,1,0,72.69159846,77.91957228,42.74952962,0.505826087,1.456086957,0,5.862258911,-10.12078857,-0.026729584,275.6496582,322.4133301,0.003275135,71.55229187,0,6.252227783,-11.32356262,0.086339951,269.8354492,6434.226563,0.002881651,89.38599396,0.203125,5.88381958,-10.08659363,0.068234444,265.7067871,12933.89063,0.002224392,90.03192139,0.484375,-9.968555963,-11.16103222,-9.933824185,11.69600106,12.93496899,11.67727296,149.9193134,151.0950154,149.743676,4.128662109
716,2014-09-03 20:00,1,0,72.6931212,77.92153381,43.5366029,0.479782609,1.472608696,0,6.202590942,-9.830307007,-0.02066803,275.8237305,303.0117188,0.003228543,69.04824829,0,6.328781128,-10.20585632,0.035173416,269.8112793,6418.054688,0.003023281,95.72257233,0.3046875,5.688171387,-9.973327637,0.037101746,265.3964844,12921.19531,0.002314878,96.51554871,0.4921875,-9.667659666,-10.03984198,-9.823853149,11.6235567,12.00887063,11.48140052,147.7494617,148.1964231,150.3022292,4.414794922
716,2014-09-03 21:00,1,0,72.69460094,77.92324235,44.10287664,0.45373913,1.489130435,0,6.347061157,-9.69342041,-0.031642914,275.9953613,301.6679688,0.003297661,70.04638672,0,6.623413086,-10.37869263,-0.045074463,270.135498,6421.285156,0.002990034,92.06658936,0.203125,5.661148071,-10.21376038,0.024957657,265.46875,12929.07422,0.002359032,98.19895935,0.4453125,-9.525203678,-10.20306282,-10.06319294,11.58652599,12.31206163,11.67773516,146.784009,147.4550345,151.0018528,4.666748047
716,2014-09-03 22:00,1,0,72.69603768,77.92470095,44.46801317,0.427695652,1.505652174,0,6.73135376,-9.504043579,-0.038137436,275.7827148,301.1953125,0.003562079,77.46199036,0,7.470809937,-11.48419189,-0.109612465,270.1242676,6417.871094,0.003202544,98.50511169,0.546875,5.753128052,-10.47660828,-0.018212318,265.8459473,12934.76953,0.002389715,95.83865356,0.421875,-9.323892079,-11.2839271,-10.32182442,11.64637144,13.70035272,11.95231372,144.6915048,146.9547951,151.2270364,4.278320313
716,2014-09-03 23:00,1,0,72.69743139,77.92591268,44.65167484,0.401652174,1.522173913,0,6.847244263,-9.488830566,-0.011631012,276.1164551,278.328125,0.003565564,75.57513428,0,7.739929199,-11.81584167,-0.069432259,270.3586426,6401.722656,0.003180756,95.88026428,0.546875,6.482452393,-10.56051636,-0.010647774,265.8894043,12918.92969,0.002397239,95.3659668,0.21875,-9.303593168,-11.60607,-10.38459105,11.70139562,14.12517676,12.391396,144.1853702,146.7733251,148.4567919,4.469238281
716,2014-09-04 0:00,1,0,72.69878208,77.92688057,44.67352399,0.375608696,1.538695652,0,7.09866333,-10.08084106,-0.038984299,276.0078125,289.5,0.003592272,77.409729,0,7.546157837,-11.64041138,-0.091326714,270.4885254,6412.242188,0.003157397,93.23091125,0.234375,6.879241943,-10.4876709,-0.027594566,266.0163574,12931.43359,0.002503778,99.80206299,0.2734375,-9.886592237,-11.43358404,-10.2991673,12.32941108,13.87240697,12.54253605,144.8478001,147.0457706,146.737685,4.472167969
716,2014-09-04 1:00,1,0,72.70008972,77.9276077,44.55322295,0.349565217,1.555217391,0,6.970153809,-10.00456238,-0.01999855,276.1140137,268.84375,0.003596898,76.76696777,0,7.703964233,-11.48719788,-0.07382679,270.4428711,6392.683594,0.003134366,94.48753357,0.2734375,7.157150269,-10.84373474,-0.046252251,266.302002,12912.52344,0.002454018,94.64183044,0.296875,-9.811704749,-11.27387824,-10.64549284,12.19320764,13.83136942,12.99274348,145.1351689,146.1519607,146.5741386,4.140869141
716,2014-09-04 2:00,1,0,72.7013543,77.92809711,44.31043406,0.323521739,1.57173913,0,7.052307129,-9.802352905,-0.012688637,276.1489258,271.1445313,0.003572731,75.74324036,0,7.679611206,-10.98651123,-0.104821205,270.4440918,6395.449219,0.003132134,93.81949615,0.2578125,6.947311401,-10.6287384,-0.05682373,266.3457031,12915.11719,0.002484095,95.69223022,0.3046875,-9.605230136,-10.77173688,-10.4341846,12.07564318,13.40447154,12.69784296,144.2668553,145.0463118,146.8299794,4.098388672
716,2014-09-04 3:00,1,0,72.70257581,77.92835185,43.96481966,0.297478261,1.58826087,0,7.248397827,-9.320007324,-0.008360863,276.1186523,272.34375,0.003576742,75.70232391,0,7.967514038,-10.51542664,-0.046568871,270.3828125,6396.464844,0.003138052,94.82984161,0.1328125,6.903442383,-9.794525146,-0.086141586,266.307373,12915.39063,0.002479911,95.79766083,0.40625,-9.115524094,-10.29055252,-9.599420686,11.80685426,13.19300865,11.98291449,142.1269192,142.8488763,144.8227984,4.075439453
716,2014-09-04 4:00,1,0,72.70375423,77.928375,43.5360421,0.271434783,1.604782609,0,7.566558838,-8.840744019,-0.012079239,276.0864258,289.5351563,0.003542972,75.45172882,0,8.191879272,-10.04527283,-0.039963722,270.3879395,6412.199219,0.003068519,92.09085846,0.203125,6.986907959,-8.631759644,-0.045843124,266.1230469,12928.11719,0.002484254,97.6374054,0.5,-8.625374437,-9.811918658,-8.432705198,11.6366476,12.96203658,11.10514103,139.4406565,140.8028957,141.0118411,4.264892578
716,2014-09-04 5:00,1,0,72.70488954,77.92816959,43.04376371,0.245391304,1.621304348,0,7.937149048,-8.339065552,0.003061295,276.0083008,313.40625,0.003555477,75.95536804,0,8.475967407,-9.330169678,0.032269478,270.338623,6435.261719,0.003045262,91.28520966,0.2421875,7.595626831,-7.688400269,0.056312561,266.0285645,12949.48828,0.002470576,97.98209381,0.4921875,-8.111158802,-9.086621191,-7.470416802,11.5125301,12.6053199,10.8076383,136.4145452,137.7465077,135.3477788,4.310058594
716,2014-09-04 6:00,1,0,72.70598174,77.92773869,42.50764683,0.219347826,1.637826087,0,8.175170898,-7.840866089,-0.009390831,275.967041,292.8476563,0.003515599,76.06073761,0,8.848434448,-8.620040894,0.058731079,270.3027344,6413.648438,0.00301635,90.72241211,0.3046875,8.126220703,-6.920379639,0.074419022,265.9313965,12926.65625,0.002462093,98.41981506,0.5546875,-7.604003632,-8.363617189,-6.685292307,11.32751518,12.35313309,10.67366466,133.8042314,134.2509225,130.4180838,4.371337891
716,2014-09-04 7:00,1,0,72.70703081,77.92708535,41.9473538,0.193304348,1.654347826,0,8.459747314,-7.165466309,0.006160736,276.0061035,321.8359375,0.003467109,74.50332642,0,9.328201294,-8.102706909,0.049185753,270.2385254,6442.664063,0.003047969,91.92892456,0.4609375,8.860931396,-6.320480347,0.105014801,265.8188477,12952.66406,0.00240074,96.44564056,0.5859375,-6.918248348,-7.830026192,-6.062032487,11.08653382,12.35593779,10.88414338,130.2648372,130.9783904,125.5001689,4.419677734
716,2014-09-04 8:00,1,0,72.70803674,77.92621263,41.38254695,0.16726087,1.670869565,0,8.761764526,-6.533065796,-0.007955551,276.034668,325.5625,0.003420221,73.29910278,0,9.604293823,-7.370330811,0.032514572,270.1818848,6446.792969,0.003045427,92.4190979,0.3671875,9.288421631,-5.876541138,0.054193497,265.5583496,12953.53125,0.002368015,97.34217834,0.5703125,-6.274812129,-7.087154645,-5.603210326,10.92929395,12.10637171,10.99129256,126.709448,127.5026169,122.3204657,4.623535156
716,2014-09-04 9:00,1,0,72.70899951,77.92512357,40.83288864,0.141217391,1.687391304,0,8.946456909,-6.098632813,0.002746582,276.0078125,332.5546875,0.003388614,72.51721191,0,9.965393066,-6.886505127,0.042029381,270.2692871,6453.78125,0.003017158,90.77739716,0.4921875,9.655273438,-5.765228271,0.036087036,265.3427734,12959.95703,0.002358487,98.99038696,0.625,-5.83254838,-6.590075169,-5.478416407,10.82739181,12.11334024,11.24553966,124.2815247,124.6461016,120.8417075,4.926513672
716,2014-09-04 10:00,1,0,72.70991911,77.92382125,40.31804119,0.115173913,1.703913043,0,8.906036377,-5.863311768,0.028973579,276.4233398,382.953125,0.003346905,69.99311066,0,9.750915527,-6.705047607,0.09204483,270.4450684,6511.964844,0.002946362,87.983284,0.0703125,8.7084198,-5.466415405,0.05346489,265.0566406,13019.85547,0.002400384,102.4908142,0.4140625,-5.595902574,-6.412144158,-5.205057739,10.66282837,11.83376597,10.28193916,123.3590106,124.5136825,122.1171543,5.388427734
716,2014-09-04 11:00,1,0,72.71079552,77.9223087,39.85766695,0.089130435,1.720434783,0,8.955749512,-5.042739868,-0.026522636,276.3552246,395.25,0.003305236,69.1710434,0,9.910308838,-6.016159058,0.050480843,270.3535156,6522.984375,0.003005305,91.24073029,0.171875,9.038269043,-4.964309692,0.053177834,265.1022949,13029.17188,0.002321998,98.86320496,0.7578125,-4.771590547,-5.715912449,-4.690718264,10.27787306,11.59346329,10.31187073,119.3826827,121.2602923,118.7779883,5.251220703
716,2014-09-04 12:00,1,0,72.71162873,77.92058899,39.47142826,0.063086957,1.736956522,0,9.068008423,-4.682846069,-0.009979248,276.1086426,395.3945313,0.003361436,71.85005951,0,9.887695313,-5.310714722,0.061190605,270.1311035,6517.160156,0.002988549,91.76564789,0.078125,8.94720459,-4.491348267,0.077877998,265.0698242,13023.99609,0.002354833,101.2361221,0.4765625,-4.405834278,-5.008568933,-4.218086146,10.20577406,11.22364511,10.01122766,117.3124615,118.2403964,116.6558918,5.061279297
716,2014-09-04 13:00,1,0,72.71241873,77.91866517,39.17898745,0.037043478,1.753478261,0,9.167007446,-4.256271362,-0.034323692,276.138916,377.828125,0.003283858,69.32250214,0,10.11372375,-4.926376343,0.044613838,270.1230469,6500.078125,0.003015399,92.14949799,0.21875,9.342407227,-4.1615448,0.079642296,264.9846191,13004.63672,0.00229156,100.0338669,0.4765625,-3.973775279,-4.614597719,-3.873725982,10.10692196,11.24973742,10.22736662,114.9055954,115.9706285,114.0104257,5.138427734
716,2014-09-04 14:00,0,0,72.4968,77.374867,39,0.011,1.77,0,8.034378052,-3.41394043,-0.003898621,275.9567871,429.5273438,0.00317717,67.83643341,0,9.866104126,-4.40133667,0.066116333,270.0671387,6550.101563,0.002945428,90.42729187,0.0390625,10.91401672,-3.938064575,0.110737801,264.9941406,13054.11719,0.002111916,91.23006439,0.1796875,-3.164150372,-4.094498214,-3.599079849,8.729617399,10.80332241,11.60276319,113.0214434,114.0419777,109.8407785,5.072998047
716,2014-09-04 15:00,1,0,72.71386904,77.91421743,38.94633297,0.011,1.773,0,9.045974731,-3.913223267,-0.015198708,276.105957,335.9492188,0.003180724,67.56925201,0,9.927383423,-4.303283691,0.074524879,270.0695801,6456.835938,0.002956611,91.22762299,0.15625,10.15716553,-3.662948608,0.058775902,264.8010254,12959.41016,0.002215286,97.41817474,0.328125,-3.631469626,-3.994072746,-3.346934822,9.856113594,10.81994418,10.79746285,113.39296,113.4355804,109.8306752,5.268554688
716,2014-09-04 16:00,1,0,72.71452931,77.91169962,38.99854868,0.011,1.776,0,8.908248901,-3.62059021,-0.030209541,276.1486816,329.3515625,0.003129726,65.9799881,0,9.492904663,-3.762054443,-0.023324966,270.0996094,6451.066406,0.002966001,91.60015869,0,10.34246826,-3.397171021,-0.008411407,264.855957,12954.76172,0.002183812,95.53882599,0.1796875,-3.342765789,-3.466042366,-3.075004476,9.615902036,10.21118468,10.88611137,112.1183586,111.618508,108.1837027,5.243652344
716,2014-09-04 17:00,1,0,72.71514632,77.90898992,39.12942104,0.011,1.779,0,8.443557739,-2.955993652,-0.010058403,276.1347656,332.9179688,0.003206645,67.69101715,0,9.277328491,-3.229598999,-0.054121971,270.1965332,6454.652344,0.002905284,87.95926666,0.0078125,10.41255188,-3.012252808,-0.01830864,265.0249023,12959.54297,0.002115642,90.79588318,0.09375,-2.692443539,-2.940033081,-2.687549299,8.946036316,9.823397255,10.83950661,109.2945706,109.1938937,106.1346565,5.171630859
716,2014-09-04 18:00,1,0,72.71572004,77.90609139,39.31171711,0.011,1.782,0,8.388641357,-2.449020386,-0.022920609,276.1674805,305.9921875,0.003190426,67.14699554,0,8.993255615,-2.556015015,-0.056553841,270.1428223,6428.484375,0.002970128,91.10654449,0.015625,10.09429932,-2.339126587,-0.03226757,265.1452637,12934.29297,0.002072243,87.78408813,0.0859375,-2.186976477,-2.275117821,-2.024095401,8.738821698,9.349430962,10.36177552,106.2748911,105.8659265,103.0467337,4.997558594
716,2014-09-04 19:00,1,0,72.71625047,77.90300708,39.51820393,0.011,1.785,0,8.488845825,-1.993057251,-0.030650139,276.0341797,300.0234375,0.003256312,68.8476944,0,8.875686646,-2.038345337,-0.062078476,270.0651855,6419.65625,0.002991667,92.39144897,0.109375,9.829727173,-1.715698242,-0.06132412,265.2324219,12925.8125,0.002062774,87.15743256,0.1171875,-1.727670315,-1.760886686,-1.408678664,8.719677784,9.106737349,9.978334368,103.2128997,102.9339863,99.90077052,4.832763672
716,2014-09-04 20:00,1,0,72.71673759,77.89974005,39.72164855,0.011,1.788,0,8.377227783,-1.406311035,-0.021639824,275.9106445,272.796875,0.003331683,71.26908875,0,8.582489014,-1.416885376,-0.084604263,270.0571289,6390.421875,0.003023169,93.19044495,0.1796875,9.642333984,-1.039978027,-0.047645569,265.3474121,12897.99609,0.002052139,85.97395325,0.0859375,-1.144244905,-1.148409655,-0.738617146,8.494448544,8.698659773,9.69825546,99.52956328,99.37441969,96.15586427,4.709716797
716,2014-09-04 21:00,1,0,72.71718138,77.89629336,39.89481801,0.011,1.791,0,8.404647827,-0.946121216,-0.017814636,275.8422852,274.9082031,0.003363142,72.95326233,0,8.52885437,-0.869842529,-0.085384369,270.020752,6391.433594,0.003031264,93.54542542,0.2734375,9.390151978,-0.627288818,-0.044360161,265.3476563,12898.08984,0.002085996,87.50787354,0.1484375,-0.682982201,-0.602858857,-0.333504852,8.457733175,8.573096459,9.411080991,96.42281466,95.82335855,93.82184239,4.673095703
716,2014-09-04 22:00,1,0,72.71758183,77.89267005,40.01047936,0.011,1.794,0,8.97694397,-0.679000854,-0.028862,275.5048828,268.668457,0.003479912,77.44516754,0,9.092422485,-1.009994507,-0.117552757,270,6379.980469,0.002999737,92.958992,0.328125,9.054824829,-0.521255493,-0.077203751,265.3530273,12888.56641,0.002220394,93.92022705,0.3515625,-0.397635015,-0.724851248,-0.237528828,9.002586584,9.148346056,9.069815873,94.32551939,96.33848209,93.29468709,4.646972656
716,2014-09-04 23:00,1,0,72.71793893,77.88887318,40.04139965,0.011,1.797,0,8.542755127,-0.389602661,-0.01640892,275.5366211,241.8596191,0.003493129,77.49944305,0,8.780075073,-0.652420044,-0.106483459,269.916748,6353.1875,0.002955256,92.25561523,0.1015625,8.442199707,-0.203948975,-0.053334236,265.3942871,12860.05078,0.002157398,91.25148773,0.15625,-0.12152371,-0.376769861,0.060885413,8.551634662,8.804281357,8.444662875,92.61123381,94.24966096,91.38389796,4.522460938
716,2014-09-05 0:00,1,0,72.71825266,77.88490582,39.96034592,0.011,1.8,0,8.408187866,0.165649414,-0.010322571,275.4333496,228.5310059,0.003528843,79.38853455,0,8.619979858,-0.031005859,-0.107674599,269.8513184,6336.734375,0.002918492,91.03137207,0.1328125,7.893722534,0.3256073,-0.083802223,265.4101563,12842.58984,0.002126919,89.86019897,0.125,0.429675239,0.239769551,0.573394449,8.409819435,8.620035622,7.90043515,88.87136386,90.20609065,87.63795169,4.441162109
716,2014-09-05 1:00,1,0,72.71852301,77.880771,39.74008523,0.011,1.803,0,8.484100342,0.806655884,-0.038472176,275.3737793,238.8984375,0.003509836,78.89613342,0,8.854156494,0.515563965,-0.105958939,269.7402344,6345.886719,0.002949552,94.0969162,0.140625,7.578430176,0.631225586,-0.118746758,265.3022461,12849.12109,0.002151652,91.2600174,0.2734375,1.073192559,0.793887866,0.869353929,8.522361898,8.869154042,7.604672884,84.56872771,86.66751748,85.23868784,4.437988281
716,2014-09-05 2:00,1,0,72.71874997,77.8764718,39.35338461,0.011,1.806,0,8.41368103,1.155654907,0.016350746,275.3630371,220.8671875,0.003431316,77.66909027,0,8.785476685,0.90562439,-0.000429153,269.7436523,6327.183594,0.002926823,92.79437256,0.1875,7.261810303,0.842193604,-0.022958755,265.2402344,12829.00781,0.002097699,88.68288422,0.1953125,1.420241604,1.182052584,1.070634309,8.492677242,8.832030124,7.310484179,82.17911916,84.11462428,83.38463536,4.503417969
716,2014-09-05 3:00,1,0,72.71893352,77.87201126,38.77301111,0.011,1.809,0,8.306060791,1.46774292,-0.008540154,275.4953613,220.7460938,0.003340965,75.19733429,0,8.546401978,1.382263184,-0.014862061,269.7536621,6329.046875,0.002923733,91.64598083,0.1796875,7.015487671,1.327636719,-0.014142036,265.1049805,12829.00391,0.002017586,87.02392578,0.1328125,1.729215158,1.651365056,1.54843828,8.434744522,8.657461422,7.140006059,79.97885877,80.8127516,79.28386268,4.648681641
716,2014-09-05 4:00,1,0,72.71907365,77.86739244,37.97173178,0.011,1.812,0,7.869979858,1.624984741,0.013648987,275.6181641,220.3515625,0.003293925,73.18983459,0,8.258453369,1.614852905,0.003756523,269.8081055,6330.578125,0.002915793,89.76621246,0.0859375,6.72277832,1.720794678,0.028100967,265.0983887,12830.62109,0.001916477,82.88011169,0.1171875,1.873021691,1.87517849,1.932509097,8.035991437,8.414856027,6.939516025,78.33358042,78.93602154,75.64255568,4.709716797
716,2014-09-05 5:00,1,0,72.71917034,77.8626184,36.92231367,0.011,1.815,0,7.444869995,1.928253174,-0.001659393,275.7524414,207.9765625,0.003255494,70.66630554,0,7.789123535,1.995513916,-0.004635811,269.8059082,6320.675781,0.00289119,90.26873779,0.0859375,6.602767944,2.241851807,0.052097321,264.9978027,12819.38672,0.001898359,82.38956451,0.1875,2.163082885,2.241213228,2.44985277,7.690529861,8.040679153,6.972979568,75.47923502,75.63032056,71.24599985,4.808105469
716,2014-09-05 6:00,1,0,72.71922358,77.85769219,35.59752383,0.011,1.818,0,7.089874268,2.256698608,0.011792183,275.8356934,220.7539063,0.003235003,69.33588409,0,7.319885254,2.340026855,-0.000311852,269.8432617,6334.839844,0.002883574,89.70449829,0.1015625,6.612731934,2.675949097,0.055553436,264.9277344,12832.67188,0.00194844,84.43518829,0.3125,2.480487256,2.571070603,2.884389484,7.44036328,7.684819179,7.133647538,72.3437886,72.27191933,67.96848484,4.915527344
716,2014-09-05 7:00,1,0,72.71923335,77.85261686,33.97012929,0.011,1.821,0,6.850494385,2.513320923,0.020292282,275.8569336,230.78125,0.003185507,68.49617004,0,6.979171753,2.570419312,0.040103912,269.8642578,6345.921875,0.002905604,90.07014465,0.078125,6.794799805,2.993148804,0.084337234,264.9221191,12844.46875,0.001976102,84.36660004,0.3046875,2.72974046,2.790899005,3.207556206,7.296989474,7.437465549,7.424839671,69.8528377,69.78131742,66.22622981,4.942138672
716,2014-09-05 8:00,1,0,72.71919965,77.84739547,32.01289711,0.011,1.824,0,6.553390503,2.519851685,0.012753487,275.8459473,225.4570313,0.003232831,69.79393768,0,6.896118164,2.820907593,0.075558662,269.9584961,6340.941406,0.002890938,88.6060257,0.0390625,6.709579468,3.028182983,0.073169708,265.0581055,12840.91016,0.002034751,86.1251297,0.2890625,2.72716559,3.038977783,3.24021073,7.021152298,7.450769449,7.361273587,68.96769201,67.75262513,65.70928092,4.900390625
716,2014-09-05 9:00,1,0,72.71912246,77.84203108,29.69859434,0.011,1.827,0,6.331466675,2.620483398,0.023003578,275.7868652,246.6875,0.003301556,70.92275238,0,6.519607544,2.796096802,0.099330902,269.9047852,6361.417969,0.002911027,91.9023056,0.0703125,6.54838562,2.858001709,0.045086861,265.1938477,12864.28125,0.002066218,87.9493866,0.15625,2.821009582,3.002531974,3.065322908,6.852328327,7.093901596,7.144895241,67.5161914,66.78671585,66.42143993,4.7109375
716,2014-09-05 10:00,0,0,72.493117,77.3369,27,0.011,1.83,0,5.183883667,2.583007813,0.007691383,276.4855957,269.9094238,0.003014866,63.03466034,0,6.028030396,3.183197021,0.03555584,270.3579102,6397.785156,0.002872769,86.85182953,0.0234375,5.596450806,3.323379517,0.082724571,264.8564453,12901.76953,0.002180283,96.60533905,0.25,2.747233053,3.374073213,3.500402108,5.79176823,6.816882992,6.508848825,63.51399913,62.16299554,59.29659243,5.501464844
716,2014-09-05 11:00,1,0,72.71883754,77.8308855,23.90784264,0.612380952,1.803809524,0,5.32371521,2.591079712,0.006521225,276.2165527,261.519043,0.003242535,68.20056152,0,5.722137451,2.930435181,0.094510078,270.2111816,6385.492188,0.002954525,91.36280823,0.015625,6.105529785,3.312240601,0.075273514,265.0876465,12890.48828,0.002094505,88.96580505,0.1015625,2.757371481,3.109100012,3.502784358,5.920780161,6.428865169,6.946109109,64.04757365,62.88199413,61.52023634,5.123535156
716,2014-09-05 12:00,1,0,72.71862978,77.82511042,20.48491256,1.213761905,1.777619048,1,4.777389526,2.623764038,0.004146576,276.2939453,272.1601563,0.003195989,66.4443512,0,5.28427124,3.159835815,0.03541851,270.2658691,6397.816406,0.002984273,90.36003113,0.0078125,5.599945068,3.559494019,0.02923584,265.0712891,12902.93359,0.002103931,90.14575195,0.0703125,2.770697552,3.322234984,3.731493159,5.450466807,6.156954192,6.635463996,61.22420937,59.12184131,57.55872935,5.194580078
716,2014-09-05 13:00,1,0,72.71837848,77.81920456,16.81194958,1.815142857,1.751428571,1,4.292892456,2.594467163,0.008231163,276.3654785,225.359375,0.003161035,65.21002197,0,4.773422241,3.173675537,0.030443192,270.2233887,6351.75,0.003003679,92.23555756,0.015625,5.313964844,3.752365112,0.026231766,265.1049805,12857.08984,0.002108655,90.60417938,0.0390625,2.724460642,3.318085068,3.913025135,5.015992972,5.732170296,6.505264506,58.85276971,56.381506,54.77282903,5.118408203
716,2014-09-05 14:00,1,0,72.71808362,77.81317098,12.96970549,2.41652381,1.725238095,1,3.669708252,2.572357178,0.007059097,276.4143066,248.9140625,0.00310363,63.98389053,0,4.216110229,3.161621094,0.053497314,270.2463379,6375.867188,0.002978699,90.80230713,0.0078125,5.196899414,3.794845581,0.058368683,265.2097168,12882.00781,0.002092008,89.12484741,0.0234375,2.681673317,3.287120388,3.949585996,4.481493066,5.269860853,6.43495272,54.97067818,53.13411711,53.8625804,5.036621094
716,2014-09-05 15:00,1,0,72.71774518,77.80701272,9.038932077,3.017904762,1.699047619,1,2.767730713,2.437240601,-0.00872612,276.4848633,216.2226563,0.003070195,62.61231995,0,3.460494995,2.976043701,0.035004616,270.3144531,6344.808594,0.002902825,88.22402954,0.0078125,5.184936523,3.531661987,0.063819885,265.3190918,12851.98828,0.002085819,88.25494385,0.0703125,2.518231265,3.077337686,3.683840748,3.68788219,4.564193436,6.273452251,48.63312334,49.30429759,55.73970001,4.995361328
716,2014-09-05 16:00,1,0,72.71736315,77.80073284,5.100381153,3.619285714,1.672857143,1,1.76109314,2.374755859,0.010606766,276.4665527,219.0976563,0.00309733,63.51698303,0,2.648910522,2.746322632,-0.001802444,270.3571777,6347.949219,0.002847944,86.4987793,0,5.056243896,2.924362183,0.022421837,265.5053711,12857.00781,0.002106797,87.58586121,0.1171875,2.425154836,2.82248105,3.070721322,2.956503752,3.815627727,5.841018449,36.56022987,43.96562461,59.95634909,4.851806641
716,2014-09-05 17:00,1,0,72.71693752,77.7943344,1.234804512,4.220666667,1.646666667,1,0.994735718,2.738433838,-0.010881424,276.3522949,229.4609375,0.003222752,66.010849,0,1.850601196,2.742980957,-0.069437027,270.3613281,6357.503906,0.002848912,86.50375366,0,4.480026245,2.227676392,-0.063438416,265.6035156,12867.19531,0.002147718,88.66254425,0.1640625,2.765887504,2.795026724,2.355493587,2.913506312,3.30887735,5.003316626,19.96354552,34.0062759,63.56130896,4.7578125
716,2014-09-05 18:00,1,0,72.71646827,77.78782045,0,4.822047619,1.62047619,1,0.569702148,2.987747192,-0.015332222,276.1706543,222.7890625,0.003356277,69.57905579,0,1.329605103,2.658187866,-0.049840927,270.3486328,6348.699219,0.002871334,86.86936188,0.0078125,3.58354187,1.556259155,-0.058903694,265.6381836,12858.52734,0.002193965,90.9199295,0.1953125,3.002662846,2.69472452,1.656975296,3.041577522,2.97217302,3.906880455,10.79553853,26.57386488,66.5256768,4.710449219
716,2014-09-05 19:00,1,0,72.71595539,77.78119405,0,5.423428571,1.594285714,1,0.301498413,2.955780029,-0.001591682,275.9873047,230.7460938,0.003502193,73.40978241,0,1.046279907,2.348098755,0.024979591,270.3293457,6354.09375,0.002901379,87.11924744,0.0078125,2.675643921,1.17401123,0.003415108,265.6777344,12865.3125,0.002225454,92.32168579,0.2421875,2.963024103,2.376299335,1.247998381,2.971117109,2.570655443,2.921878293,5.824197303,24.01708297,66.30923511,4.651611328
716,2014-09-05 20:00,1,0,72.71539886,77.77445825,0,6.024809524,1.568095238,1,0.070831299,2.788299561,0.007316589,275.8227539,218.7304688,0.003611086,76.80417633,0,0.743270874,1.952682495,0.07722187,270.3532715,6340.078125,0.002923963,87.73739624,0,1.987762451,1.018707275,0.032874107,265.784668,12853.04297,0.002238828,91.44593811,0.2421875,2.789193664,1.972290845,1.072720914,2.789199081,2.089358877,2.233598907,1.455174296,20.83887295,62.86533934,4.568603516
716,2014-09-05 21:00,1,0,72.71479868,77.76761611,0,6.626190476,1.541904762,1,-0.005157471,2.447647095,-0.002763748,275.6923828,242.1640625,0.003678877,79.06507874,0,0.485321045,1.470474243,0.074716568,270.394043,6362.589844,0.002935488,87.67206573,0,1.499694824,0.983963013,0.030129433,265.8339844,12876.99609,0.002247904,90.65009308,0.25,2.446622055,1.483000854,1.02396062,2.447652528,1.548493144,1.793674379,359.8792715,18.26515786,56.73076611,4.560058594
716,2014-09-05 22:00,1,0,72.71415482,77.76067068,0,7.227571429,1.515714286,1,-0.086624146,1.834609985,-0.010478973,275.5708008,232.53125,0.003768499,82.08558655,0,0.161514282,0.378097534,0.010137558,270.8483887,6355.269531,0.002919729,84.6021347,0,1.257019043,1.699829102,-0.035953522,266.041748,12880.74219,0.00228259,90.34515381,0.25,1.831676764,0.382237474,1.732483906,1.836653898,0.411150348,2.11412295,357.2966927,23.13102213,36.48282577,4.806640625
716,2014-09-05 23:00,1,0,72.71346727,77.75362502,0,7.828952381,1.48952381,1,-0.248046875,1.661010742,-0.004076958,275.480957,249.7382813,0.003787249,83.42528534,0,-0.554336548,0.313781738,-0.012116432,270.8261719,6371.789063,0.002927035,84.75202179,0,1.087539673,1.898956299,-0.027301788,266.0358887,12896.84375,0.002337707,92.3423996,0.28125,1.654001706,0.299266193,1.926584319,1.679429647,0.636983507,2.188327573,351.5065068,299.5119944,29.79993516,4.790283203
716,2014-09-06 0:00,1,0,72.71273603,77.74648219,0,8.430333333,1.463333333,1,-0.367874146,1.298126221,-0.00782299,275.4677734,247.109375,0.00379393,84.19082642,0,-1.105941772,0.383392334,-0.033864021,270.784668,6368.34375,0.00294256,85.53398895,0,1.025756836,1.905639648,-0.01997757,266.0412598,12893.25781,0.002389548,93.9081955,0.3046875,1.288308387,0.355024634,1.931213133,1.349245371,1.170511378,2.164171795,344.177876,289.1196887,28.2924382,4.743408203
716,2014-09-06 1:00,1,0,72.71196106,77.73924523,0,9.031714286,1.437142857,1,-0.384429932,0.759262085,-0.003657341,275.4438477,260.5507813,0.003802751,84.80813599,0,-1.25944519,0.401733398,-0.036548615,270.755127,6381.214844,0.002956522,86.2542572,0,1.267959595,1.629379272,-0.008536339,266.0375977,12905.71094,0.002422324,94.85458374,0.2578125,0.749381656,0.370019836,1.660667474,0.85103777,1.32196517,2.0646061,333.1459731,287.6914599,37.88954226,4.717529297
716,2014-09-06 2:00,1,0,72.71114237,77.73191721,0,9.633095238,1.410952381,1,-0.425796509,0.083236694,0.026451111,275.4528809,268.1601563,0.003790562,84.63970947,0,-1.187011719,0.294036865,0.003616333,270.7429199,6388.789063,0.002969398,86.6441803,0.015625,1.583511353,1.075561523,0.031342506,266.0419922,12913.35547,0.00242893,94.84815979,0.203125,0.072726952,0.264719597,1.114226651,0.433855983,1.22288777,1.914246796,281.0609594,283.9127875,55.81464737,4.700927734
716,2014-09-06 3:00,1,0,72.71027994,77.72450117,0,10.23447619,1.384761905,1,-0.711578369,-0.379440308,-0.015992165,275.5361328,293.4453125,0.003744247,82.94406128,0,-1.164398193,0.242477417,-0.027071953,270.7351074,6414.46875,0.002971818,87.03816986,0.015625,1.661575317,0.434082031,-0.007713318,266.0593262,12939.05469,0.002421997,94.10523987,0.015625,-0.396525711,0.214267404,0.474109389,0.806423414,1.189377337,1.717340894,241.9317858,281.7633116,75.35886537,4.67578125
716,2014-09-06 4:00,1,0,72.70937375,77.71700018,0,10.83585714,1.358571429,1,-0.976364136,-0.619888306,0.019795418,275.6687012,326.5078125,0.003653145,80.18201447,0,-1.048217773,0.146072388,0.017380714,270.7429199,6448.242188,0.002968559,86.79428101,0.015625,1.576660156,-0.303894043,0.027632713,266.0817871,12973.06641,0.002395696,92.5537796,0.03125,-0.642862984,0.121178792,-0.266427072,1.156524292,1.058346655,1.605680179,237.588757,277.9332546,100.9097113,4.661132813
716,2014-09-06 5:00,1,0,72.70842379,77.70941729,0,11.4372381,1.332380952,1,-1.170150757,-0.772628784,0.004034996,275.7988281,327.1679688,0.003593824,78.18264771,0,-0.942764282,-0.057388306,0.008123398,270.7526855,6449.984375,0.002964851,86.94242096,0.0078125,1.124252319,-0.976074219,0.000367165,266.0588379,12974.51563,0.002355363,91.1037674,0.03125,-0.799628629,-0.079294264,-0.94966882,1.402215401,0.944509349,1.488846586,236.5639593,266.5165678,130.9644675,4.693847656
716,2014-09-06 6:00,1,0,72.70743004,77.70175556,0,12.03861905,1.306190476,1,-0.910552979,-1.160247803,0.015463829,275.9301758,369.9296875,0.003565277,77.12129211,0,-0.571929932,-0.550567627,0.045316696,270.8251953,6494.222656,0.002960552,85.05395508,0.015625,0.670227051,-1.594390869,0.023929596,266.0380859,13018.83594,0.002292701,89.31660461,0.0234375,-1.180702689,-0.563461906,-1.57869851,1.474883619,0.793869359,1.72953362,218.1245327,226.0902671,157.199791,4.787109375
716,2014-09-06 7:00,0,0,72.490017,77.39895,0,12.64,1.28,1,-1.100769043,-1.967300415,0.003344536,276.4741211,346.90625,0.003483564,72.21942139,0,-0.702224731,-1.311630249,0.012595177,271.0646973,6479.691406,0.00307457,86.18914032,0.078125,0.203140259,-1.747009277,-0.006579399,266.3129883,13010.67188,0.002387596,92.73405457,0.0625,-1.991398881,-1.326989501,-1.742035523,2.254321053,1.487781396,1.758780083,209.2284428,208.1638461,173.3674969,4.751708984
716,2014-09-06 8:00,1,0,72.70531114,77.68620777,6.857983023,11.498,1.248,1,-0.635665894,-2.520263672,0.015648842,276.0744629,414.8554688,0.003569326,76.75499725,0,-0.551132202,-2.136917114,0.101120949,270.8693848,6542.730469,0.002908907,83.65786743,0.0546875,-0.637313843,-2.163101196,0.071863174,266.1452637,13067.42969,0.002147647,81.8746109,0.046875,-2.53351063,-2.148413864,-2.17646877,2.599192202,2.20684423,2.255033419,194.1560019,194.4619912,196.4165389,4.724121094
716,2014-09-06 9:00,1,0,72.70418596,77.67832783,14.71308352,10.356,1.216,1,-0.788009644,-3.107940674,0.018713951,276.0805664,422.2382813,0.003601831,77.63394165,0,-0.933914185,-2.799194336,0.080608368,270.859375,6550.40625,0.002857488,81.75351715,0.0390625,-1.021896362,-2.096176147,0.05563736,266.2478027,13076.47266,0.002114971,79.98486328,0.0859375,-3.123963588,-2.81838311,-2.117390367,3.206283585,2.950878621,2.332000561,194.2273673,198.450595,205.9894653,4.611572266
716,2014-09-06 10:00,1,0,72.70301694,77.67038126,23.27824315,9.214,1.184,1,-0.774154663,-3.498336792,0.020737648,276.9729004,482.9804688,0.003594184,72.65447998,0,-1.463104248,-2.73576355,0.002300262,271.4387207,6628.996094,0.002870822,77.61936951,0.0625,-1.008468628,-1.576187134,-0.017791748,266.5056152,13165.33984,0.002109102,78.55522156,0.0546875,-3.513586406,-2.7654119,-1.596688823,3.582970242,3.102430699,1.871196103,192.4780192,208.1381629,212.6117346,4.933105469
716,2014-09-06 11:00,1,0,72.70180406,77.66237113,32.26636585,8.072,1.152,1,-1.180480957,-3.815261841,-0.00475502,276.8581543,481.9882813,0.003607298,73.49924469,0,-1.594223022,-2.831176758,0.004216194,271.3925781,6626.367188,0.002892042,79.45636749,0.0390625,-0.730606079,-1.902008057,-0.02253437,266.5725098,13162.83203,0.002128394,79.35475159,0.0546875,-3.838224069,-2.862656109,-1.916312335,3.993714838,3.249170491,2.037503347,197.1926012,209.3836677,201.0129582,4.820068359
716,2014-09-06 12:00,1,0,72.70054731,77.65430048,41.39035556,6.93,1.12,1,-1.755020142,-4.359710693,0.007504463,276.732666,511.140625,0.003672898,75.21717072,0,-1.843429565,-3.155273438,0.070934296,271.3613281,6653.859375,0.002899468,80.50813293,0.0703125,-0.736083984,-2.556640625,0.035181046,266.5720215,13190.41016,0.00215505,80.76744843,0.0703125,-4.393182172,-3.190703113,-2.570540002,4.699699249,3.654310199,2.660494487,201.9274609,210.2950811,196.0616715,4.789306641
716,2014-09-06 13:00,1,0,72.69924668,77.64617237,50.36311624,5.788,1.088,1,-2.55027771,-4.884857178,0.009056091,276.6091309,502.7617188,0.003716684,76.43546295,0,-1.977859497,-3.615005493,0.074869156,271.3427734,6643.355469,0.002900816,80.92089844,0.09375,-0.872039795,-3.225753784,0.062955856,266.5957031,13180.26953,0.002182976,82.35189819,0.0625,-4.932401269,-3.651909424,-3.241730543,5.510512321,4.120702963,3.341547677,207.5680824,208.6841669,195.127557,4.747070313
716,2014-09-06 14:00,1,0,72.69790216,77.63798986,58.89755181,4.646,1.056,1,-3.476318359,-5.097930908,-0.009494781,276.3820801,527.375,0.003770479,78.53351593,0,-2.246170044,-3.968002319,0.03337574,271.2016602,6664.476563,0.002908358,81.78014374,0.1171875,-1.233947754,-3.676193237,0.061841011,266.5805664,13200.92969,0.00223052,84.30570984,0.046875,-5.161132348,-4.008724484,-3.698310077,6.170388066,4.559640586,3.87776015,214.2903783,209.5129311,198.5547965,4.62109375
716,2014-09-06 15:00,1,0,72.69651372,77.629756,66.70656624,3.504,1.024,1,-4.026168823,-5.253875732,-0.015367508,276.1518555,532.1328125,0.003841826,81.17907715,0,-2.413314819,-4.215240479,-0.008553505,271.1166992,6665.558594,0.002890536,81.40953827,0.09375,-1.600311279,-3.929168701,0.038412094,266.6074219,13201.51172,0.00228301,85.99169159,0.046875,-5.324989222,-4.257696172,-3.957140716,6.619157469,4.857194737,4.2425656,217.4637968,209.792055,202.1605782,4.509277344
716,2014-09-06 16:00,1,0,72.69508137,77.62147385,73.50306345,2.362,0.992,1,-4.373840332,-5.790130615,-0.008816719,275.8776855,539.0976563,0.003880004,83.8655777,0,-2.69921875,-4.727005005,-0.044644356,270.8769531,6666.121094,0.002896289,83.56757355,0.03125,-1.765045166,-4.148544312,0.014616013,266.5615234,13197.94141,0.002377382,89.37364197,0.0859375,-5.864986231,-4.773027569,-4.178480413,7.256451736,5.44337746,4.508414837,217.0672458,209.7272709,203.0478765,4.315429688
716,2014-09-06 17:00,0,0,72.499017,77.448883,79,1.22,0.96,1,-3.323104858,-5.778610229,-0.006426811,275.6330566,538.8359375,0.003814165,84.00151825,0,-2.381347656,-5.099685669,-0.060829163,271.1489258,6670.195313,0.002878611,81.2934494,0.0234375,-2.091537476,-4.487838745,-0.024933815,266.5002441,13203.99219,0.002333418,88.01860046,0.1171875,-5.833475669,-5.138867851,-4.522251219,6.665985455,5.628286647,4.951285249,209.901912,205.0306787,204.9876654,4.648681641
716,2014-09-06 18:00,1,0,72.69208482,77.60477688,82.98127812,1.148882353,0.978235294,1,-4.831192017,-6.663528442,-0.030615807,275.4189453,564.1328125,0.003901425,87.13577271,0,-3.568557739,-5.511367798,-0.048587799,270.3879395,6680.496094,0.002988282,89.71312714,0.1484375,-1.79737854,-4.116073608,-0.011583328,266.5576172,13203.24609,0.002471097,92.61949921,0.125,-6.745038246,-5.571489079,-4.146159621,8.230615263,6.565803785,4.491395281,215.9428665,212.9226694,203.5895983,3.830322266
716,2014-09-06 19:00,1,0,72.69052061,77.59636818,85.5157402,1.077764706,0.996470588,1,-5.023132324,-6.812835693,-0.012755394,275.2749023,590.6171875,0.00380559,85.39586639,0,-4.057479858,-5.739013672,-0.00144577,270.1259766,6702.417969,0.003019285,92.67436218,0.2421875,-1.782180786,-4.201766968,0.022522926,266.5302734,13218.625,0.002488684,93.67098999,0.1015625,-6.899161746,-5.808708637,-4.232125106,8.464430786,7.028472147,4.564100569,216.4015073,215.260292,202.9842442,3.595703125
716,2014-09-06 20:00,1,0,72.68891241,77.58792341,86.74317427,1.006647059,1.014705882,1,-4.996124268,-6.844543457,-0.026338577,275.0966797,617.0195313,0.00366921,83.53631592,0,-4.327758789,-5.904449463,-0.053313255,269.8349609,6722.691406,0.003044076,95.53779602,0.34375,-1.72567749,-4.30682373,0.024705887,266.5395508,13232.05469,0.002500683,94.20069122,0.0703125,-6.931946643,-5.980163966,-4.336708426,8.474021055,7.320657047,4.639686783,216.1273009,216.2401368,201.8352107,3.295410156
716,2014-09-06 21:00,1,0,72.68726023,77.57944562,86.803421,0.935529412,1.032941176,0,-4.662063599,-7.139709473,-0.018450737,274.9594727,625.6992188,0.003462738,80.16778564,0,-4.161880493,-6.347091675,-0.096050262,269.494873,6727.105469,0.003025955,97.38080597,0.4921875,-1.542053223,-4.716384888,0.040481567,266.5681152,13228.70313,0.002515725,94.77726746,0.0546875,-7.222593417,-6.421087498,-4.743417432,8.527032799,7.589915808,4.962077645,213.1435989,213.2534396,198.1054989,2.926757813
716,2014-09-06 22:00,1,0,72.68556403,77.57093786,85.83632105,0.864411765,1.051176471,0,-4.172851563,-7.681243896,-0.032223701,274.6245117,631.2929688,0.00356814,84.52688599,0,-4.223236084,-6.902313232,-0.064705849,269.4328613,6725.296875,0.003015009,97.43235016,0.3671875,-1.518585205,-5.48260498,0.026445389,266.6513672,13222.20313,0.002533403,94.74459839,0.0625,-7.75650409,-6.978628841,-5.509541447,8.74152149,8.091826183,5.689029653,208.5131125,211.4607159,195.4817961,2.781494141
716,2014-09-06 23:00,1,0,72.68382382,77.5624032,83.98171509,0.793294118,1.069411765,0,-4.060501099,-7.972259521,-0.038179398,274.5935059,647.9921875,0.00335172,79.09666443,0,-3.873779297,-7.349334717,-0.066374779,268.9985352,6739.542969,0.002961667,99.32979584,0.3046875,-1.7059021,-6.243331909,0.020070076,266.5935059,13229.69141,0.002532991,95.44538116,0.1328125,-8.046654765,-7.420353547,-6.274082835,8.946764278,8.307760638,6.47219401,206.9910528,207.7933788,195.2822372,2.405029297
716,2014-09-07 0:00,1,0,72.68203956,77.55384469,81.37944378,0.722176471,1.087647059,0,-3.874923706,-8.112854004,-0.025114059,274.4855957,670.6523438,0.003221164,76.97229004,0,-3.664382935,-7.620697021,-0.047652245,268.7871094,6758.789063,0.002903114,99.12199402,0.40625,-2.187332153,-6.916046143,0.033019066,266.6418457,13245.12891,0.002485881,93.55046844,0.203125,-8.184945639,-7.688880869,-6.956319745,8.990741561,8.455928416,7.253696726,205.5304327,205.680396,197.5505571,2.145263672
716,2014-09-07 1:00,1,0,72.68021126,77.54526538,78.16934777,0.651058824,1.105882353,0,-3.518157959,-8.084121704,-0.031401634,274.4030762,665.578125,0.003121761,75.15020752,0,-3.599456787,-8.010925293,-0.030168533,268.6157227,6750.183594,0.00288382,99.68517303,0.40625,-2.612548828,-7.308929443,-0.015534401,266.5026855,13231.71484,0.002394886,91.20900726,0.2421875,-8.150516687,-8.078902985,-7.357990479,8.816487915,8.782426385,7.761820726,203.5183666,204.1952646,199.6692352,2.113037109
716,2014-09-07 2:00,1,0,72.6783389,77.53666832,74.49126774,0.579941176,1.124117647,0,-3.218444824,-8.0625,-0.01793766,274.3278809,679.8320313,0.003022517,73.02828217,0,-3.495117188,-8.141174316,-0.025464058,268.4533691,6761.851563,0.002852286,100.0339966,0.21875,-2.889831543,-7.225158691,0.013156891,266.427002,13238.48047,0.002286299,87.55249023,0.25,-8.124088715,-8.20817573,-7.280461726,8.681145854,8.859715763,7.781647927,201.7612396,203.2345077,201.7998239,2.026367188
716,2014-09-07 3:00,1,0,72.67642246,77.52805659,70.48504434,0.508823529,1.142352941,0,-2.914428711,-8.017944336,-0.020443916,274.1630859,704.0664063,0.002956661,72.42976379,0,-3.213912964,-8.086532593,0.000886917,268.2832031,6782.402344,0.00280598,99.81787109,0.1640625,-2.782913208,-6.911514282,0.055462837,266.5612793,13254.88281,0.002176835,82.60512543,0.234375,-8.074454261,-8.148999553,-6.965622153,8.531197225,8.701795557,7.450747318,199.975612,201.674861,201.9321238,1.721923828
716,2014-09-07 4:00,1,0,72.67446192,77.51943322,66.29051824,0.437705882,1.160588235,0,-2.439056396,-8.136520386,0.012532234,274.0456543,720.3398438,0.002885015,71.14415741,0,-2.630096436,-8.15196228,0.026008606,268.1530762,6795.960938,0.002767713,99.81014252,0.296875,-2.252655029,-6.782180786,0.080791473,266.7922363,13265.39453,0.002063442,77.11952972,0.203125,-8.184253556,-8.203561742,-6.826416292,8.494230989,8.565739681,7.146497806,196.6869706,197.8814415,198.3735547,1.360839844
716,2014-09-07 5:00,1,0,72.67245728,77.51080127,62.0475301,0.366588235,1.178823529,0,-1.914077759,-8.192672729,-0.019753456,273.9243164,736.8789063,0.002846564,70.66430664,0,-2.077362061,-8.213134766,0.015117645,268.0197754,6809.53125,0.002743568,99.75475311,0.53125,-1.606643677,-6.688873291,0.046791077,266.9731445,13276.32813,0.001945219,72.04587555,0.171875,-8.230316926,-8.254133863,-6.720510948,8.413297815,8.471777606,6.87912275,193.150298,194.1942268,193.506376,1.046630859
716,2014-09-07 6:00,1,0,72.67040853,77.50216381,57.89592058,0.295470588,1.197058824,0,-1.249450684,-8.276657104,0.008338928,273.8366699,763.078125,0.002802775,70.03925323,0,-1.346786499,-8.272537231,0.049590111,267.904541,6833.605469,0.002702639,99.28626251,0.546875,-0.843475342,-6.771224976,0.086194992,267.1713867,13298.03906,0.001832533,66.95649719,0.1484375,-8.30095318,-8.298867658,-6.78736833,8.370434865,8.38145012,6.8235576,188.5845958,189.2467496,187.1006223,0.733154297
716,2014-09-07 7:00,1,0,72.66831564,77.49352388,53.97553034,0.224352941,1.215294118,0,-0.749389648,-8.466903687,-0.003373146,273.7475586,779.625,0.002766964,69.56577301,0,-0.789978027,-8.512161255,0.025630951,267.8005371,6848.253906,0.002676842,99.2048645,0.4765625,-0.233688354,-7.085723877,0.069245338,267.3725586,13310.78125,0.001722214,62.27323914,0.1484375,-8.480893146,-8.527001385,-7.089086362,8.500002522,8.548739937,7.08957637,185.0579612,185.3021936,181.8889397,0.427978516
716,2014-09-07 8:00,1,0,72.6661786,77.48488454,50.42620005,0.153235294,1.233529412,0,-0.586532593,-8.441207886,0.008705139,273.6811523,830.3085938,0.002728228,68.99832916,0,-0.586151123,-8.547912598,0.019086838,267.7424316,6897.402344,0.002647166,98.78040314,0.3671875,0.153060913,-7.251785278,0.0564394,267.6315918,13357.93359,0.001632457,57.90584946,0.1171875,-8.451878266,-8.558550038,-7.24680971,8.461560793,8.567985931,7.2534004,183.9747764,183.9227699,178.7908574,0.110839844
716,2014-09-07 9:00,1,0,72.6639974,77.47624884,47.38777036,0.082117647,1.251764706,0,-0.451217651,-8.282577515,0.007128716,273.6098633,849.484375,0.002708218,68.96543884,0,-0.39112854,-8.414154053,0.009720802,267.6687012,6914.980469,0.00262954,98.87302399,0.296875,0.463684082,-7.33366394,0.039372444,267.6254883,13372.90625,0.001587651,56.19215012,0.125,-8.290458072,-8.420690522,-7.321784303,8.29485911,8.423239873,7.348307949,183.1182729,182.6614552,176.3821871,0.043212891
716,2014-09-07 10:00,0,0,72.4965,77.4343,45,0.011,1.27,0,-0.093414307,-8.097610474,-0.020890236,274.1540527,892.9023438,0.002739402,67.12477875,0,-0.231735229,-8.522903442,0.014760017,268.1933594,6970.5,0.002684565,95.97021484,0.234375,0.293182373,-7.696334839,0.0791502,268.144043,13438.26563,0.001591178,53.64879608,0.125,-8.097691729,-8.525945951,-7.68794619,8.098149271,8.526053267,7.701917025,180.6609367,181.5574716,177.8184429,0.049316406
716,2014-09-07 11:00,1,0,72.65950247,77.4590006,43.35329638,0.011,1.236,0,-0.237121582,-8.160888672,-0.006552696,273.9130859,896.6445313,0.002702346,66.97725677,0,-0.213012695,-8.313873291,0.024720192,267.9372559,6969,0.002642264,96.92284393,0.3046875,-0.658599854,-7.054916382,0.066713333,268.2954102,13434.07031,0.001582908,52.64762115,0.1015625,-8.164104712,-8.316533693,-7.067481289,8.16433283,8.31660168,7.085590937,181.6643095,181.4676744,185.333294,-0.358154297
716,2014-09-07 12:00,1,0,72.6571887,77.45039417,42.33885889,0.011,1.202,0,-0.024108887,-7.898620605,-0.006160736,273.8671875,954.9570313,0.002727181,67.75288391,0,0.040084839,-8.058364868,0.028866768,267.9121094,7026.117188,0.002648979,97.18734741,0.4375,-0.723846436,-6.296630859,0.096913338,268.7333984,13492.75781,0.001553063,49.3674469,0.046875,-7.897388268,-8.055750767,-6.310429655,7.898657399,8.058464565,6.338100176,180.1748828,179.7149951,186.5578065,-0.821289063
716,2014-09-07 13:00,1,0,72.65483072,77.44180361,41.79853562,0.011,1.168,0,0.102340698,-7.693847656,-0.003131866,273.8347168,926.0234375,0.002722189,67.91356659,0,0.177398682,-7.763595581,0.032978058,267.8623047,6996.351563,0.002648756,97.71225739,0.3828125,-0.416351318,-5.859664917,0.108452797,268.8530273,13464.78906,0.001558332,49.06039429,0.046875,-7.690162943,-7.758366391,-5.866934339,7.694528275,7.765622102,5.874437961,179.2379178,178.6910154,184.064251,-0.990722656
716,2014-09-07 14:00,1,0,72.65242851,77.43323197,41.57409272,0.011,1.134,0,0.133956909,-7.262680054,-0.020124435,273.8041992,976.5703125,0.002743049,68.41662598,0,0.248519897,-7.384338379,0.006796837,267.8317871,7045.65625,0.002671523,98.30209351,0.5234375,-0.058105469,-5.619216919,0.059693336,269.1208496,13515.64844,0.001535442,47.354496,0.0078125,-7.258606508,-7.37797372,-5.619266312,7.263915337,7.388519164,5.61951733,178.9433246,178.0724382,180.5924454,-1.2890625
716,2014-09-07 15:00,1,0,72.64998206,77.4246823,41.50729634,0.011,1.1,0,0.172332764,-6.756546021,-0.007568359,273.7297363,969.0546875,0.002716327,68.11048126,0,0.285095215,-6.826248169,0.003336906,267.7143555,7036.335938,0.002654338,98.9338913,0.4375,0.029449463,-5.671798706,0.044238091,268.9350586,13506.80859,0.001553447,48.68867493,0.015625,-6.751992523,-6.819517075,-5.670188108,6.758743427,6.832199012,5.67187516,178.5389281,177.6084571,179.702508,-1.220703125
716,2014-09-07 16:00,1,0,72.64749134,77.41615766,41.43991261,0.011,1.066,0,0.334671021,-6.099731445,-0.015749931,273.6572266,982.1640625,0.002725814,68.67093658,0,0.442901611,-6.166229248,0.00530529,267.7070313,7048.203125,0.002647135,98.73762512,0.5078125,-0.16456604,-5.530059814,0.047185898,268.7578125,13519.00391,0.001563658,49.62323761,0.0078125,-6.092449488,-6.156922245,-5.532164325,6.108905663,6.182114927,5.532507888,176.8595289,175.8916727,181.7045309,-1.05078125
716,2014-09-07 17:00,1,0,72.64495636,77.40766111,41.21370769,0.011,1.032,0,0.502502441,-5.496414185,-0.003975868,273.6088867,1001.628906,0.002734102,69.30644226,0,0.6381073,-5.56048584,0.034906387,267.7053223,7067.046875,0.002642072,98.73381805,0.546875,-0.510009766,-5.042556763,0.088998795,268.7390137,13538.875,0.001555255,49.03665924,0.0078125,-5.486472139,-5.548091046,-5.050924516,5.519336699,5.596979873,5.068282615,174.77633,173.4535184,185.775319,-1.033691406
716,2014-09-07 18:00,1,0,72.64237708,77.39919571,40.67044772,0.011,0.998,0,0.765029907,-4.933227539,-0.024788857,273.5651855,991.3789063,0.002729689,69.17713928,0,0.917907715,-4.953598022,-0.001978874,267.6396484,7055.851563,0.002643382,99.04144287,0.5546875,-0.560180664,-4.26713562,0.053421021,268.6821289,13528.78516,0.001549439,49.29317474,0,-4.919154275,-4.936858918,-4.276245261,4.992194378,5.037924964,4.303748224,171.1849613,169.5020957,187.4789026,-1.042480469
